time_stamp, event, event_ts, time_spent_disconnected, time_spent_connected,
2017-02-04 11:25:47,Currently connected,2017-02-04 11:25:47,None,0,
2017-02-04 16:07:33,Disconnected,2017-02-04 16:05:07,None,4:39:20,
2017-02-05 11:10:18,Reconnected,2017-02-05 11:10:18,19:05:11,0,
2017-02-05 12:44:56,Disconnected,2017-02-05 12:41:13,None,1:30:54,
2017-02-05 20:17:31,Reconnected,2017-02-05 20:17:31,7:36:17,0,
2017-02-05 20:25:13,Disconnected,2017-02-05 20:22:15,None,0:04:44,
2017-02-05 20:30:57,Reconnected,2017-02-05 20:30:57,0:08:41,0,
2017-02-05 21:02:06,Disconnected,2017-02-05 20:58:45,None,0:27:47,
2017-02-05 21:19:39,Reconnected,2017-02-05 21:19:39,0:20:54,0,
2017-02-05 21:27:32,Disconnected,2017-02-05 21:23:50,None,0:04:10,
2017-02-05 21:34:47,Reconnected,2017-02-05 21:34:47,0:10:57,0,
2017-02-05 21:40:08,Disconnected,2017-02-05 21:36:23,None,0:01:36,
2017-02-05 21:44:44,Reconnected,2017-02-05 21:44:44,0:08:21,0,
2017-02-05 21:52:29,Disconnected,2017-02-05 21:49:19,None,0:04:34,
2017-02-05 22:03:23,Reconnected,2017-02-05 22:03:23,0:14:03,0,
2017-02-05 22:07:35,Disconnected,2017-02-05 22:04:51,None,0:01:28,
2017-02-05 22:15:07,Reconnected,2017-02-05 22:15:07,0:10:15,0,
2017-02-05 22:19:57,Disconnected,2017-02-05 22:16:23,None,0:01:16,
2017-02-05 22:25:34,Reconnected,2017-02-05 22:25:34,0:09:10,0,
2017-02-05 22:29:59,Disconnected,2017-02-05 22:26:33,None,0:00:58,
2017-02-06 02:55:34,Reconnected,2017-02-06 02:55:34,4:29:00,0,
2017-02-06 02:59:57,Disconnected,2017-02-06 02:56:23,None,0:00:48,
2017-02-06 03:05:17,Reconnected,2017-02-06 03:05:17,0:08:54,0,
2017-02-06 03:08:22,Disconnected,2017-02-06 03:05:34,None,0:00:16,
2017-02-06 03:19:53,Reconnected,2017-02-06 03:19:53,0:14:19,0,
2017-02-06 03:23:23,Disconnected,2017-02-06 03:20:34,None,0:00:40,
2017-02-06 03:30:06,Reconnected,2017-02-06 03:30:06,0:09:32,0,
2017-02-06 03:34:06,Disconnected,2017-02-06 03:31:04,None,0:00:58,
2017-02-06 03:44:33,Reconnected,2017-02-06 03:44:33,0:13:28,0,
2017-02-06 03:47:56,Disconnected,2017-02-06 03:45:23,None,0:00:50,
2017-02-06 03:52:04,Reconnected,2017-02-06 03:52:04,0:06:40,0,
2017-02-06 10:02:50,Disconnected,2017-02-06 09:59:52,None,6:07:48,
2017-02-06 10:50:27,Reconnected,2017-02-06 10:50:27,0:50:35,0,
2017-02-06 10:54:02,Disconnected,2017-02-06 10:51:02,None,0:00:34,
2017-02-06 20:41:56,Reconnected,2017-02-06 20:41:56,9:50:54,0,
2017-02-06 21:32:15,Disconnected,2017-02-06 21:29:31,None,0:47:35,
2017-02-07 10:19:45,Reconnected,2017-02-07 10:19:45,12:50:13,0,
2017-02-07 10:28:01,Disconnected,2017-02-07 10:24:54,None,0:05:09,
2017-02-07 10:33:16,Reconnected,2017-02-07 10:33:16,0:08:21,0,
2017-02-07 13:14:38,Disconnected,2017-02-07 13:11:55,None,2:38:39,
2017-02-07 18:27:33,Reconnected,2017-02-07 18:27:33,5:15:38,0,
2017-02-07 18:35:37,Disconnected,2017-02-07 18:32:51,None,0:05:17,
2017-02-07 22:21:49,Reconnected,2017-02-07 22:21:49,3:48:58,0,
2017-02-07 22:40:59,Disconnected,2017-02-07 22:37:41,None,0:15:51,
2017-02-07 22:42:27,Reconnected,2017-02-07 22:42:27,0:04:46,0,
2017-02-07 23:05:37,Disconnected,2017-02-07 23:02:22,None,0:19:55,
2017-02-07 23:08:40,Reconnected,2017-02-07 23:08:40,0:06:18,0,
2017-02-07 23:13:27,Disconnected,2017-02-07 23:10:19,None,0:01:38,
2017-02-07 23:13:44,Reconnected,2017-02-07 23:13:44,0:03:24,0,
2017-02-08 02:24:48,Disconnected,2017-02-08 02:21:29,None,3:07:45,
2017-02-08 04:21:52,Reconnected,2017-02-08 04:21:52,2:00:22,0,
2017-02-08 04:30:56,Disconnected,2017-02-08 04:28:02,None,0:06:10,
2017-02-08 04:36:59,Reconnected,2017-02-08 04:36:59,0:08:57,0,
2017-02-08 04:44:39,Disconnected,2017-02-08 04:41:33,None,0:04:34,
2017-02-08 04:45:19,Reconnected,2017-02-08 04:45:19,0:03:45,0,
2017-02-08 04:49:16,Disconnected,2017-02-08 04:46:05,None,0:00:46,
2017-02-08 05:00:18,Reconnected,2017-02-08 05:00:18,0:14:12,0,
2017-02-08 05:05:20,Disconnected,2017-02-08 05:01:41,None,0:01:22,
2017-02-08 05:07:11,Reconnected,2017-02-08 05:07:11,0:05:30,0,
2017-02-08 05:11:36,Disconnected,2017-02-08 05:08:32,None,0:01:20,
2017-02-08 05:13:29,Reconnected,2017-02-08 05:13:29,0:04:56,0,
2017-02-08 05:17:32,Disconnected,2017-02-08 05:14:21,None,0:00:52,
2017-02-08 05:19:03,Reconnected,2017-02-08 05:19:03,0:04:41,0,
2017-02-08 05:24:55,Disconnected,2017-02-08 05:22:08,None,0:03:05,
2017-02-08 05:27:15,Reconnected,2017-02-08 05:27:15,0:05:06,0,
2017-02-08 05:30:50,Disconnected,2017-02-08 05:28:10,None,0:00:55,
2017-02-08 05:37:08,Reconnected,2017-02-08 05:37:08,0:08:58,0,
2017-02-08 05:44:55,Disconnected,2017-02-08 05:41:11,None,0:04:02,
2017-02-08 05:51:37,Reconnected,2017-02-08 05:51:37,0:10:26,0,
2017-02-08 05:58:54,Disconnected,2017-02-08 05:55:49,None,0:04:11,
2017-02-08 06:02:21,Reconnected,2017-02-08 06:02:21,0:06:32,0,
2017-02-08 06:06:08,Disconnected,2017-02-08 06:03:11,None,0:00:49,
2017-02-08 06:06:59,Reconnected,2017-02-08 06:06:59,0:03:48,0,
2017-02-08 06:24:55,Disconnected,2017-02-08 06:21:52,None,0:14:52,
2017-02-08 06:30:00,Reconnected,2017-02-08 06:30:00,0:08:08,0,
2017-02-08 06:38:20,Disconnected,2017-02-08 06:34:52,None,0:04:52,
2017-02-08 06:42:51,Reconnected,2017-02-08 06:42:51,0:07:58,0,
2017-02-08 07:00:38,Disconnected,2017-02-08 06:57:48,None,0:14:56,
2017-02-08 07:02:32,Reconnected,2017-02-08 07:02:32,0:04:44,0,
2017-02-08 07:07:33,Disconnected,2017-02-08 07:04:22,None,0:01:50,
2017-02-08 07:08:46,Reconnected,2017-02-08 07:08:46,0:04:23,0,
2017-02-08 07:27:10,Disconnected,2017-02-08 07:24:03,None,0:15:17,
2017-02-08 07:30:06,Reconnected,2017-02-08 07:30:06,0:06:03,0,
2017-02-08 07:37:50,Disconnected,2017-02-08 07:35:05,None,0:04:58,
2017-02-08 07:39:07,Reconnected,2017-02-08 07:39:07,0:04:01,0,
2017-02-08 07:44:05,Disconnected,2017-02-08 07:40:51,None,0:01:44,
2017-02-08 07:49:07,Reconnected,2017-02-08 07:49:07,0:08:15,0,
2017-02-08 08:07:54,Disconnected,2017-02-08 08:05:00,None,0:15:52,
2017-02-08 08:08:38,Reconnected,2017-02-08 08:08:38,0:03:38,0,
2017-02-08 08:15:08,Disconnected,2017-02-08 08:12:11,None,0:03:33,
2017-02-08 08:28:24,Reconnected,2017-02-08 08:28:24,0:16:12,0,
2017-02-08 08:36:29,Disconnected,2017-02-08 08:33:33,None,0:05:09,
2017-02-08 08:43:40,Reconnected,2017-02-08 08:43:40,0:10:06,0,
2017-02-08 08:53:51,Disconnected,2017-02-08 08:51:11,None,0:07:31,
2017-02-08 08:55:24,Reconnected,2017-02-08 08:55:24,0:04:12,0,
2017-02-08 08:59:00,Disconnected,2017-02-08 08:56:14,None,0:00:49,
2017-02-08 08:59:21,Reconnected,2017-02-08 08:59:21,0:03:06,0,
2017-02-08 09:04:11,Disconnected,2017-02-08 09:01:09,None,0:01:48,
2017-02-08 09:08:31,Reconnected,2017-02-08 09:08:31,0:07:22,0,
2017-02-08 09:11:52,Disconnected,2017-02-08 09:08:51,None,0:00:19,
2017-02-08 09:22:40,Reconnected,2017-02-08 09:22:40,0:13:49,0,
2017-02-08 09:27:48,Disconnected,2017-02-08 09:24:55,None,0:02:15,
2017-02-08 09:29:19,Reconnected,2017-02-08 09:29:19,0:04:23,0,
2017-02-08 09:46:43,Disconnected,2017-02-08 09:43:39,None,0:14:20,
2017-02-08 09:53:12,Reconnected,2017-02-08 09:53:12,0:09:33,0,
2017-02-08 09:56:55,Disconnected,2017-02-08 09:53:59,None,0:00:46,
2017-02-08 10:01:08,Reconnected,2017-02-08 10:01:08,0:07:08,0,
2017-02-08 10:05:38,Disconnected,2017-02-08 10:02:13,None,0:01:05,
2017-02-08 10:11:55,Reconnected,2017-02-08 10:11:55,0:09:41,0,
2017-02-08 10:15:49,Disconnected,2017-02-08 10:12:44,None,0:00:48,
2017-02-08 10:20:05,Reconnected,2017-02-08 10:20:05,0:07:20,0,
2017-02-08 10:48:24,Disconnected,2017-02-08 10:45:29,None,0:25:24,
2017-02-08 12:41:56,Reconnected,2017-02-08 12:41:56,1:56:26,0,
2017-02-08 12:46:55,Disconnected,2017-02-08 12:42:55,None,0:00:58,
2017-02-08 15:41:21,Reconnected,2017-02-08 15:41:21,2:58:26,0,
2017-02-08 15:46:42,Disconnected,2017-02-08 15:44:01,None,0:02:40,
2017-02-08 16:56:27,Reconnected,2017-02-08 16:56:27,1:12:25,0,
2017-02-08 17:00:02,Disconnected,2017-02-08 16:57:19,None,0:00:51,
2017-02-08 17:11:14,Reconnected,2017-02-08 17:11:14,0:13:54,0,
2017-02-08 17:14:39,Disconnected,2017-02-08 17:11:39,None,0:00:25,
2017-02-08 17:18:34,Reconnected,2017-02-08 17:18:34,0:06:55,0,
2017-02-08 17:22:59,Disconnected,2017-02-08 17:19:56,None,0:01:22,
2017-02-08 17:25:24,Reconnected,2017-02-08 17:25:24,0:05:28,0,
2017-02-08 18:41:45,Disconnected,2017-02-08 18:38:07,None,1:12:42,
2017-02-08 20:55:41,Reconnected,2017-02-08 20:55:41,2:17:34,0,
2017-02-08 21:18:57,Disconnected,2017-02-08 21:15:52,None,0:20:11,
2017-02-08 21:26:00,Reconnected,2017-02-08 21:26:00,0:10:07,0,
2017-02-08 21:33:04,Disconnected,2017-02-08 21:29:59,None,0:03:58,
2017-02-08 21:36:00,Reconnected,2017-02-08 21:36:00,0:06:01,0,
2017-02-08 21:44:51,Disconnected,2017-02-08 21:41:18,None,0:05:17,
2017-02-08 21:48:05,Reconnected,2017-02-08 21:48:05,0:06:46,0,
2017-02-08 21:51:39,Disconnected,2017-02-08 21:48:42,None,0:00:37,
2017-02-08 21:57:39,Reconnected,2017-02-08 21:57:39,0:08:56,0,
2017-02-08 22:02:23,Disconnected,2017-02-08 21:58:11,None,0:00:32,
2017-02-08 22:07:08,Reconnected,2017-02-08 22:07:08,0:08:56,0,
2017-02-08 22:13:17,Disconnected,2017-02-08 22:10:21,None,0:03:13,
2017-02-08 22:21:33,Reconnected,2017-02-08 22:21:33,0:11:11,0,
2017-02-08 22:28:16,Disconnected,2017-02-08 22:25:21,None,0:03:47,
2017-02-08 22:31:58,Reconnected,2017-02-08 22:31:58,0:06:36,0,
2017-02-08 22:36:53,Disconnected,2017-02-08 22:33:28,None,0:01:30,
2017-02-08 22:46:31,Reconnected,2017-02-08 22:46:31,0:13:03,0,
2017-02-08 22:52:01,Disconnected,2017-02-08 22:48:25,None,0:01:53,
2017-02-08 22:56:56,Reconnected,2017-02-08 22:56:56,0:08:31,0,
2017-02-08 23:02:22,Disconnected,2017-02-08 22:58:32,None,0:01:35,
2017-02-08 23:11:46,Reconnected,2017-02-08 23:11:46,0:13:14,0,
2017-02-08 23:16:09,Disconnected,2017-02-08 23:13:03,None,0:01:16,
2017-02-08 23:20:25,Reconnected,2017-02-08 23:20:25,0:07:21,0,
2017-02-08 23:25:18,Disconnected,2017-02-08 23:21:41,None,0:01:16,
2017-02-08 23:35:06,Reconnected,2017-02-08 23:35:06,0:13:24,0,
2017-02-08 23:39:19,Disconnected,2017-02-08 23:35:27,None,0:00:21,
2017-02-08 23:45:03,Reconnected,2017-02-08 23:45:03,0:09:36,0,
2017-02-08 23:48:39,Disconnected,2017-02-08 23:45:49,None,0:00:45,
2017-02-09 00:04:36,Reconnected,2017-02-09 00:04:36,0:18:47,0,
2017-02-09 00:08:26,Disconnected,2017-02-09 00:05:30,None,0:00:54,
2017-02-09 00:13:01,Reconnected,2017-02-09 00:13:01,0:07:30,0,
2017-02-09 00:17:24,Disconnected,2017-02-09 00:13:58,None,0:00:57,
2017-02-09 00:23:50,Reconnected,2017-02-09 00:23:50,0:09:51,0,
2017-02-09 00:30:45,Disconnected,2017-02-09 00:28:10,None,0:04:19,
2017-02-09 00:38:02,Reconnected,2017-02-09 00:38:02,0:09:52,0,
2017-02-09 00:41:09,Disconnected,2017-02-09 00:38:30,None,0:00:27,
2017-02-09 00:49:16,Reconnected,2017-02-09 00:49:16,0:10:46,0,
2017-02-09 00:53:16,Disconnected,2017-02-09 00:50:00,None,0:00:43,
2017-02-09 00:58:48,Reconnected,2017-02-09 00:58:48,0:08:48,0,
2017-02-09 01:02:45,Disconnected,2017-02-09 00:59:50,None,0:01:01,
2017-02-09 01:09:14,Reconnected,2017-02-09 01:09:14,0:09:24,0,
2017-02-09 01:13:10,Disconnected,2017-02-09 01:09:59,None,0:00:44,
2017-02-09 01:19:41,Reconnected,2017-02-09 01:19:41,0:09:42,0,
2017-02-09 01:23:08,Disconnected,2017-02-09 01:20:15,None,0:00:33,
2017-02-09 01:29:49,Reconnected,2017-02-09 01:29:49,0:09:33,0,
2017-02-09 01:33:21,Disconnected,2017-02-09 01:30:37,None,0:00:48,
2017-02-09 01:38:09,Reconnected,2017-02-09 01:38:09,0:07:31,0,
2017-02-09 01:42:25,Disconnected,2017-02-09 01:38:45,None,0:00:35,
2017-02-09 01:47:58,Reconnected,2017-02-09 01:47:58,0:09:13,0,
2017-02-09 01:52:36,Disconnected,2017-02-09 01:48:57,None,0:00:58,
2017-02-09 01:57:59,Reconnected,2017-02-09 01:57:59,0:09:02,0,
2017-02-09 02:02:56,Disconnected,2017-02-09 01:59:11,None,0:01:11,
2017-02-09 02:08:46,Reconnected,2017-02-09 02:08:46,0:09:35,0,
2017-02-09 02:13:02,Disconnected,2017-02-09 02:09:37,None,0:00:50,
2017-02-09 02:19:14,Reconnected,2017-02-09 02:19:14,0:09:37,0,
2017-02-09 02:23:20,Disconnected,2017-02-09 02:19:56,None,0:00:41,
2017-02-09 02:39:01,Reconnected,2017-02-09 02:39:01,0:19:05,0,
2017-02-09 02:43:12,Disconnected,2017-02-09 02:39:47,None,0:00:46,
2017-02-09 02:53:47,Reconnected,2017-02-09 02:53:47,0:13:59,0,
2017-02-09 02:58:04,Disconnected,2017-02-09 02:55:15,None,0:01:27,
2017-02-09 03:04:10,Reconnected,2017-02-09 03:04:10,0:08:55,0,
2017-02-09 03:07:43,Disconnected,2017-02-09 03:05:01,None,0:00:50,
2017-02-09 03:18:50,Reconnected,2017-02-09 03:18:50,0:13:49,0,
2017-02-09 03:23:12,Disconnected,2017-02-09 03:20:08,None,0:01:17,
2017-02-09 03:28:18,Reconnected,2017-02-09 03:28:18,0:08:10,0,
2017-02-09 03:31:46,Disconnected,2017-02-09 03:28:39,None,0:00:20,
2017-02-09 03:38:35,Reconnected,2017-02-09 03:38:35,0:09:56,0,
2017-02-09 03:41:57,Disconnected,2017-02-09 03:38:55,None,0:00:19,
2017-02-09 04:23:47,Reconnected,2017-02-09 04:23:47,0:44:52,0,
2017-02-09 04:29:30,Disconnected,2017-02-09 04:26:22,None,0:02:34,
2017-02-09 04:34:26,Reconnected,2017-02-09 04:34:26,0:08:04,0,
2017-02-09 04:38:11,Disconnected,2017-02-09 04:35:16,None,0:00:49,
2017-02-09 04:44:43,Reconnected,2017-02-09 04:44:43,0:09:26,0,
2017-02-09 04:48:21,Disconnected,2017-02-09 04:45:08,None,0:00:25,
2017-02-09 04:55:02,Reconnected,2017-02-09 04:55:02,0:09:54,0,
2017-02-09 05:01:39,Disconnected,2017-02-09 04:58:34,None,0:03:31,
2017-02-09 05:05:11,Reconnected,2017-02-09 05:05:11,0:06:37,0,
2017-02-09 05:09:29,Disconnected,2017-02-09 05:06:21,None,0:01:09,
2017-02-09 05:12:52,Reconnected,2017-02-09 05:12:52,0:06:31,0,
2017-02-09 05:16:32,Disconnected,2017-02-09 05:13:51,None,0:00:58,
2017-02-09 05:23:11,Reconnected,2017-02-09 05:23:11,0:09:19,0,
2017-02-09 05:26:35,Disconnected,2017-02-09 05:23:32,None,0:00:20,
2017-02-09 05:33:29,Reconnected,2017-02-09 05:33:29,0:09:56,0,
2017-02-09 05:37:28,Disconnected,2017-02-09 05:34:22,None,0:00:53,
2017-02-09 05:43:59,Reconnected,2017-02-09 05:43:59,0:09:36,0,
2017-02-09 05:47:38,Disconnected,2017-02-09 05:44:27,None,0:00:27,
2017-02-09 06:08:25,Reconnected,2017-02-09 06:08:25,0:23:58,0,
2017-02-09 06:12:23,Disconnected,2017-02-09 06:09:21,None,0:00:56,
2017-02-09 06:19:05,Reconnected,2017-02-09 06:19:05,0:09:43,0,
2017-02-09 06:22:20,Disconnected,2017-02-09 06:19:28,None,0:00:23,
2017-02-09 06:39:05,Reconnected,2017-02-09 06:39:05,0:19:36,0,
2017-02-09 06:43:43,Disconnected,2017-02-09 06:40:06,None,0:01:01,
2017-02-09 06:49:41,Reconnected,2017-02-09 06:49:41,0:09:34,0,
2017-02-09 06:54:44,Disconnected,2017-02-09 06:51:09,None,0:01:28,
2017-02-09 06:59:45,Reconnected,2017-02-09 06:59:45,0:08:36,0,
2017-02-09 07:04:05,Disconnected,2017-02-09 07:00:23,None,0:00:37,
2017-02-09 07:10:16,Reconnected,2017-02-09 07:10:16,0:09:53,0,
2017-02-09 07:15:10,Disconnected,2017-02-09 07:11:54,None,0:01:37,
2017-02-09 07:29:37,Reconnected,2017-02-09 07:29:37,0:17:43,0,
2017-02-09 07:33:56,Disconnected,2017-02-09 07:30:47,None,0:01:09,
2017-02-09 07:40:02,Reconnected,2017-02-09 07:40:02,0:09:15,0,
2017-02-09 07:43:36,Disconnected,2017-02-09 07:40:30,None,0:00:27,
2017-02-09 07:54:52,Reconnected,2017-02-09 07:54:52,0:14:22,0,
2017-02-09 07:58:43,Disconnected,2017-02-09 07:55:51,None,0:00:58,
2017-02-09 08:06:42,Reconnected,2017-02-09 08:06:42,0:10:51,0,
2017-02-09 08:11:08,Disconnected,2017-02-09 08:08:20,None,0:01:37,
2017-02-09 08:15:02,Reconnected,2017-02-09 08:15:02,0:06:42,0,
2017-02-09 08:19:13,Disconnected,2017-02-09 08:16:09,None,0:01:07,
2017-02-09 08:29:40,Reconnected,2017-02-09 08:29:40,0:13:30,0,
2017-02-09 08:34:06,Disconnected,2017-02-09 08:30:47,None,0:01:07,
2017-02-09 08:40:08,Reconnected,2017-02-09 08:40:08,0:09:21,0,
2017-02-09 08:43:43,Disconnected,2017-02-09 08:40:29,None,0:00:21,
2017-02-09 08:55:10,Reconnected,2017-02-09 08:55:10,0:14:40,0,
2017-02-09 08:58:39,Disconnected,2017-02-09 08:55:52,None,0:00:42,
2017-02-09 09:09:44,Reconnected,2017-02-09 09:09:44,0:13:52,0,
2017-02-09 09:13:12,Disconnected,2017-02-09 09:10:40,None,0:00:55,
2017-02-09 09:21:41,Reconnected,2017-02-09 09:21:41,0:11:01,0,
2017-02-09 09:25:33,Disconnected,2017-02-09 09:22:52,None,0:01:10,
2017-02-09 09:32:00,Reconnected,2017-02-09 09:32:00,0:09:08,0,
2017-02-09 09:35:28,Disconnected,2017-02-09 09:32:44,None,0:00:43,
2017-02-09 09:40:55,Reconnected,2017-02-09 09:40:55,0:08:10,0,
2017-02-09 09:44:23,Disconnected,2017-02-09 09:41:36,None,0:00:41,
2017-02-09 09:50:49,Reconnected,2017-02-09 09:50:49,0:09:12,0,
2017-02-09 09:55:19,Disconnected,2017-02-09 09:52:04,None,0:01:15,
2017-02-09 10:01:29,Reconnected,2017-02-09 10:01:29,0:09:25,0,
2017-02-09 10:05:16,Disconnected,2017-02-09 10:02:26,None,0:00:56,
2017-02-09 10:11:42,Reconnected,2017-02-09 10:11:42,0:09:15,0,
2017-02-09 10:15:29,Disconnected,2017-02-09 10:12:49,None,0:01:07,
2017-02-09 10:26:45,Reconnected,2017-02-09 10:26:45,0:13:55,0,
2017-02-09 10:30:05,Disconnected,2017-02-09 10:27:15,None,0:00:30,
2017-02-09 10:41:07,Reconnected,2017-02-09 10:41:07,0:13:52,0,
2017-02-09 10:44:49,Disconnected,2017-02-09 10:41:50,None,0:00:42,
2017-02-09 12:05:37,Reconnected,2017-02-09 12:05:37,1:23:47,0,
2017-02-09 13:06:20,Disconnected,2017-02-09 13:03:35,None,0:57:58,
2017-02-09 18:16:34,Reconnected,2017-02-09 18:16:34,5:12:58,0,
2017-02-09 18:27:15,Disconnected,2017-02-09 18:23:59,None,0:07:24,
2017-02-09 18:27:39,Reconnected,2017-02-09 18:27:39,0:03:40,0,
2017-02-09 18:43:37,Disconnected,2017-02-09 18:40:47,None,0:13:08,
2017-02-09 18:52:16,Reconnected,2017-02-09 18:52:16,0:11:28,0,
2017-02-09 18:56:51,Disconnected,2017-02-09 18:54:00,None,0:01:44,
2017-02-09 19:04:56,Reconnected,2017-02-09 19:04:56,0:10:56,0,
2017-02-10 13:23:03,Disconnected,2017-02-10 13:19:52,None,18:14:55,
2017-02-10 13:27:49,Reconnected,2017-02-10 13:27:49,0:07:57,0,
2017-02-10 13:32:58,Disconnected,2017-02-10 13:30:11,None,0:02:21,
2017-02-10 21:06:48,Reconnected,2017-02-10 21:06:48,7:36:37,0,
2017-02-10 21:15:07,Disconnected,2017-02-10 21:11:58,None,0:05:09,
2017-02-10 21:50:39,Reconnected,2017-02-10 21:50:39,0:38:41,0,
2017-02-10 21:55:14,Disconnected,2017-02-10 21:51:50,None,0:01:11,
2017-02-10 21:58:52,Reconnected,2017-02-10 21:58:52,0:07:01,0,
2017-02-10 22:04:44,Disconnected,2017-02-10 22:01:16,None,0:02:24,
2017-02-10 22:10:05,Reconnected,2017-02-10 22:10:05,0:08:49,0,
2017-02-10 22:15:58,Disconnected,2017-02-10 22:12:41,None,0:02:35,
2017-02-10 22:20:48,Reconnected,2017-02-10 22:20:48,0:08:06,0,
2017-02-10 22:29:12,Disconnected,2017-02-10 22:25:28,None,0:04:40,
2017-02-10 22:35:12,Reconnected,2017-02-10 22:35:12,0:09:44,0,
2017-02-10 22:44:29,Disconnected,2017-02-10 22:40:57,None,0:05:44,
2017-02-10 22:45:49,Reconnected,2017-02-10 22:45:49,0:04:52,0,
2017-02-10 22:50:14,Disconnected,2017-02-10 22:46:36,None,0:00:46,
2017-02-10 22:51:28,Reconnected,2017-02-10 22:51:28,0:04:52,0,
2017-02-10 22:54:35,Disconnected,2017-02-10 22:51:49,None,0:00:21,
2017-02-10 22:59:39,Reconnected,2017-02-10 22:59:39,0:07:49,0,
2017-02-10 23:05:06,Disconnected,2017-02-10 23:01:09,None,0:01:29,
2017-02-10 23:10:08,Reconnected,2017-02-10 23:10:08,0:08:59,0,
2017-02-10 23:14:22,Disconnected,2017-02-10 23:11:03,None,0:00:54,
2017-02-10 23:24:39,Reconnected,2017-02-10 23:24:39,0:13:35,0,
2017-02-10 23:29:15,Disconnected,2017-02-10 23:25:35,None,0:00:56,
2017-02-10 23:50:03,Reconnected,2017-02-10 23:50:03,0:24:28,0,
2017-02-10 23:54:40,Disconnected,2017-02-10 23:50:40,None,0:00:37,
2017-02-11 00:11:29,Reconnected,2017-02-11 00:11:29,0:20:48,0,
2017-02-11 00:40:52,Disconnected,2017-02-11 00:37:57,None,0:26:28,
2017-02-11 00:41:19,Reconnected,2017-02-11 00:41:19,0:03:21,0,
2017-02-11 00:52:15,Disconnected,2017-02-11 00:48:43,None,0:07:24,
2017-02-11 00:53:16,Reconnected,2017-02-11 00:53:16,0:04:32,0,
2017-02-11 02:04:25,Disconnected,2017-02-11 02:01:14,None,1:07:57,
2017-02-11 02:06:11,Reconnected,2017-02-11 02:06:11,0:04:57,0,
2017-02-11 02:20:58,Disconnected,2017-02-11 02:18:01,None,0:11:49,
2017-02-11 02:27:24,Reconnected,2017-02-11 02:27:24,0:09:23,0,
2017-02-11 02:34:41,Disconnected,2017-02-11 02:31:52,None,0:04:27,
2017-02-11 02:39:39,Reconnected,2017-02-11 02:39:39,0:07:47,0,
2017-02-11 02:49:00,Disconnected,2017-02-11 02:45:35,None,0:05:55,
2017-02-11 02:50:09,Reconnected,2017-02-11 02:50:09,0:04:34,0,
2017-02-11 02:59:41,Disconnected,2017-02-11 02:55:59,None,0:05:49,
2017-02-11 03:01:06,Reconnected,2017-02-11 03:01:06,0:05:07,0,
2017-02-11 03:04:26,Disconnected,2017-02-11 03:01:43,None,0:00:37,
2017-02-11 03:09:50,Reconnected,2017-02-11 03:09:50,0:08:06,0,
2017-02-11 03:14:24,Disconnected,2017-02-11 03:11:04,None,0:01:14,
2017-02-11 03:15:34,Reconnected,2017-02-11 03:15:34,0:04:29,0,
2017-02-11 03:20:55,Disconnected,2017-02-11 03:17:27,None,0:01:52,
2017-02-11 03:29:33,Reconnected,2017-02-11 03:29:33,0:12:06,0,
2017-02-11 03:42:39,Disconnected,2017-02-11 03:39:32,None,0:09:58,
2017-02-11 03:49:57,Reconnected,2017-02-11 03:49:57,0:10:25,0,
2017-02-11 03:58:11,Disconnected,2017-02-11 03:54:49,None,0:04:51,
2017-02-11 04:01:50,Reconnected,2017-02-11 04:01:50,0:07:01,0,
2017-02-11 04:06:17,Disconnected,2017-02-11 04:03:13,None,0:01:22,
2017-02-11 04:10:56,Reconnected,2017-02-11 04:10:56,0:07:43,0,
2017-02-11 04:23:16,Disconnected,2017-02-11 04:19:35,None,0:08:38,
2017-02-11 04:24:17,Reconnected,2017-02-11 04:24:17,0:04:41,0,
2017-02-11 04:32:54,Disconnected,2017-02-11 04:29:20,None,0:05:03,
2017-02-11 04:39:16,Reconnected,2017-02-11 04:39:16,0:09:55,0,
2017-02-11 04:43:56,Disconnected,2017-02-11 04:39:50,None,0:00:34,
2017-02-11 04:49:44,Reconnected,2017-02-11 04:49:44,0:09:53,0,
2017-02-11 04:54:53,Disconnected,2017-02-11 04:51:17,None,0:01:33,
2017-02-11 04:55:27,Reconnected,2017-02-11 04:55:27,0:04:09,0,
2017-02-11 04:59:57,Disconnected,2017-02-11 04:56:45,None,0:01:18,
2017-02-11 05:09:41,Reconnected,2017-02-11 05:09:41,0:12:55,0,
2017-02-11 05:13:19,Disconnected,2017-02-11 05:10:09,None,0:00:28,
2017-02-11 05:16:19,Reconnected,2017-02-11 05:16:19,0:06:09,0,
2017-02-11 05:19:55,Disconnected,2017-02-11 05:16:44,None,0:00:24,
2017-02-11 05:20:30,Reconnected,2017-02-11 05:20:30,0:03:45,0,
2017-02-11 05:24:41,Disconnected,2017-02-11 05:21:46,None,0:01:16,
2017-02-11 05:30:54,Reconnected,2017-02-11 05:30:54,0:09:08,0,
2017-02-11 05:38:27,Disconnected,2017-02-11 05:35:45,None,0:04:51,
2017-02-11 05:41:37,Reconnected,2017-02-11 05:41:37,0:05:51,0,
2017-02-11 05:45:01,Disconnected,2017-02-11 05:42:12,None,0:00:34,
2017-02-11 05:49:00,Reconnected,2017-02-11 05:49:00,0:06:48,0,
2017-02-11 05:55:10,Disconnected,2017-02-11 05:52:44,None,0:03:43,
2017-02-11 06:02:03,Reconnected,2017-02-11 06:02:03,0:09:18,0,
2017-02-11 06:16:55,Disconnected,2017-02-11 06:13:43,None,0:11:39,
2017-02-11 06:23:09,Reconnected,2017-02-11 06:23:09,0:09:25,0,
2017-02-11 06:32:49,Disconnected,2017-02-11 06:29:14,None,0:06:05,
2017-02-11 06:40:00,Reconnected,2017-02-11 06:40:00,0:10:46,0,
2017-02-11 06:47:10,Disconnected,2017-02-11 06:43:28,None,0:03:27,
2017-02-11 06:53:40,Reconnected,2017-02-11 06:53:40,0:10:12,0,
2017-02-11 07:00:35,Disconnected,2017-02-11 06:57:27,None,0:03:47,
2017-02-11 07:04:03,Reconnected,2017-02-11 07:04:03,0:06:36,0,
2017-02-11 07:07:13,Disconnected,2017-02-11 07:04:26,None,0:00:22,
2017-02-11 07:12:30,Reconnected,2017-02-11 07:12:30,0:08:04,0,
2017-02-11 07:31:47,Disconnected,2017-02-11 07:28:48,None,0:16:18,
2017-02-11 07:38:40,Reconnected,2017-02-11 07:38:40,0:09:51,0,
2017-02-11 07:45:46,Disconnected,2017-02-11 07:42:52,None,0:04:11,
2017-02-11 07:53:28,Reconnected,2017-02-11 07:53:28,0:10:36,0,
2017-02-11 08:09:48,Disconnected,2017-02-11 08:06:34,None,0:13:05,
2017-02-11 08:14:27,Reconnected,2017-02-11 08:14:27,0:07:52,0,
2017-02-11 08:17:50,Disconnected,2017-02-11 08:14:45,None,0:00:18,
2017-02-11 08:25:34,Reconnected,2017-02-11 08:25:34,0:10:49,0,
2017-02-11 08:54:21,Disconnected,2017-02-11 08:51:16,None,0:25:41,
2017-02-11 09:00:11,Reconnected,2017-02-11 09:00:11,0:08:55,0,
2017-02-11 09:07:21,Disconnected,2017-02-11 09:04:45,None,0:04:33,
2017-02-11 09:15:33,Reconnected,2017-02-11 09:15:33,0:10:48,0,
2017-02-11 09:19:19,Disconnected,2017-02-11 09:16:25,None,0:00:52,
2017-02-11 09:45:17,Reconnected,2017-02-11 09:45:17,0:28:52,0,
2017-02-11 09:50:04,Disconnected,2017-02-11 09:46:19,None,0:01:01,
2017-02-11 10:15:00,Reconnected,2017-02-11 10:15:00,0:28:41,0,
2017-02-11 10:19:08,Disconnected,2017-02-11 10:15:28,None,0:00:28,
2017-02-11 10:29:36,Reconnected,2017-02-11 10:29:36,0:14:07,0,
2017-02-11 10:34:10,Disconnected,2017-02-11 10:30:28,None,0:00:51,
2017-02-11 10:41:35,Reconnected,2017-02-11 10:41:35,0:11:07,0,
2017-02-11 10:46:31,Disconnected,2017-02-11 10:42:56,None,0:01:20,
2017-02-11 10:51:25,Reconnected,2017-02-11 10:51:25,0:08:29,0,
2017-02-11 10:56:35,Disconnected,2017-02-11 10:52:33,None,0:01:08,
2017-02-11 11:02:10,Reconnected,2017-02-11 11:02:10,0:09:36,0,
2017-02-11 11:06:29,Disconnected,2017-02-11 11:02:46,None,0:00:36,
2017-02-11 11:12:04,Reconnected,2017-02-11 11:12:04,0:09:17,0,
2017-02-11 11:17:05,Disconnected,2017-02-11 11:13:35,None,0:01:31,
2017-02-11 11:22:39,Reconnected,2017-02-11 11:22:39,0:09:03,0,
2017-02-11 11:27:06,Disconnected,2017-02-11 11:23:36,None,0:00:57,
2017-02-11 11:30:52,Reconnected,2017-02-11 11:30:52,0:07:15,0,
2017-02-11 11:36:04,Disconnected,2017-02-11 11:31:52,None,0:01:00,
2017-02-11 11:46:07,Reconnected,2017-02-11 11:46:07,0:14:14,0,
2017-02-11 11:50:23,Disconnected,2017-02-11 11:46:38,None,0:00:31,
2017-02-11 20:27:46,Reconnected,2017-02-11 20:27:46,8:41:07,0,
2017-02-11 20:31:35,Disconnected,2017-02-11 20:28:38,None,0:00:52,
2017-02-11 21:14:43,Reconnected,2017-02-11 21:14:43,0:46:05,0,
2017-02-11 21:18:16,Disconnected,2017-02-11 21:15:11,None,0:00:27,
2017-02-11 22:04:03,Reconnected,2017-02-11 22:04:03,0:48:52,0,
2017-02-11 22:07:49,Disconnected,2017-02-11 22:04:39,None,0:00:35,
2017-02-11 22:18:40,Reconnected,2017-02-11 22:18:40,0:14:01,0,
2017-02-11 22:23:17,Disconnected,2017-02-11 22:19:06,None,0:00:25,
2017-02-11 23:56:50,Reconnected,2017-02-11 23:56:50,1:37:44,0,
2017-02-12 00:01:09,Disconnected,2017-02-11 23:57:34,None,0:00:43,
2017-02-12 00:13:18,Reconnected,2017-02-12 00:13:18,0:15:44,0,
2017-02-12 00:17:27,Disconnected,2017-02-12 00:13:43,None,0:00:24,
2017-02-12 00:26:06,Reconnected,2017-02-12 00:26:06,0:12:23,0,
2017-02-12 00:29:57,Disconnected,2017-02-12 00:26:41,None,0:00:34,
2017-02-12 00:41:07,Reconnected,2017-02-12 00:41:07,0:14:26,0,
2017-02-12 00:46:18,Disconnected,2017-02-12 00:42:01,None,0:00:54,
2017-02-12 01:32:49,Reconnected,2017-02-12 01:32:49,0:50:47,0,
2017-02-12 01:37:32,Disconnected,2017-02-12 01:33:31,None,0:00:42,
2017-02-12 01:56:09,Reconnected,2017-02-12 01:56:09,0:22:37,0,
2017-02-12 02:14:17,Disconnected,2017-02-12 02:10:41,None,0:14:31,
2017-02-12 02:21:58,Reconnected,2017-02-12 02:21:58,0:11:16,0,
2017-02-12 02:25:51,Disconnected,2017-02-12 02:22:48,None,0:00:49,
2017-02-12 02:27:18,Reconnected,2017-02-12 02:27:18,0:04:30,0,
2017-02-12 03:39:26,Disconnected,2017-02-12 03:36:03,None,1:08:44,
2017-02-12 03:47:37,Reconnected,2017-02-12 03:47:37,0:11:34,0,
2017-02-12 03:54:24,Disconnected,2017-02-12 03:51:17,None,0:03:39,
2017-02-12 03:58:40,Reconnected,2017-02-12 03:58:40,0:07:22,0,
2017-02-12 04:06:18,Disconnected,2017-02-12 04:02:31,None,0:03:51,
2017-02-12 04:11:56,Reconnected,2017-02-12 04:11:56,0:09:24,0,
2017-02-12 04:20:15,Disconnected,2017-02-12 04:16:50,None,0:04:53,
2017-02-12 04:26:46,Reconnected,2017-02-12 04:26:46,0:09:55,0,
2017-02-12 04:31:25,Disconnected,2017-02-12 04:27:48,None,0:01:02,
2017-02-12 04:37:41,Reconnected,2017-02-12 04:37:41,0:09:53,0,
2017-02-12 04:41:10,Disconnected,2017-02-12 04:38:44,None,0:01:02,
2017-02-12 04:43:51,Reconnected,2017-02-12 04:43:51,0:05:07,0,
2017-02-12 04:47:55,Disconnected,2017-02-12 04:44:19,None,0:00:28,
2017-02-12 04:52:03,Reconnected,2017-02-12 04:52:03,0:07:43,0,
2017-02-12 04:56:24,Disconnected,2017-02-12 04:52:45,None,0:00:41,
2017-02-12 04:58:23,Reconnected,2017-02-12 04:58:23,0:05:37,0,
2017-02-12 05:24:07,Disconnected,2017-02-12 05:20:42,None,0:22:19,
2017-02-12 05:28:52,Reconnected,2017-02-12 05:28:52,0:08:10,0,
2017-02-12 05:40:14,Disconnected,2017-02-12 05:36:46,None,0:07:54,
2017-02-12 05:41:15,Reconnected,2017-02-12 05:41:15,0:04:28,0,
2017-02-12 05:46:14,Disconnected,2017-02-12 05:42:35,None,0:01:20,
2017-02-12 05:47:49,Reconnected,2017-02-12 05:47:49,0:05:13,0,
2017-02-12 06:00:51,Disconnected,2017-02-12 05:57:36,None,0:09:47,
2017-02-12 06:06:09,Reconnected,2017-02-12 06:06:09,0:08:32,0,
2017-02-12 06:30:48,Disconnected,2017-02-12 06:26:05,None,0:19:55,
2017-02-12 06:45:42,Reconnected,2017-02-12 06:45:42,0:19:36,0,
2017-02-12 06:49:35,Disconnected,2017-02-12 06:46:16,None,0:00:34,
2017-02-12 06:55:23,Reconnected,2017-02-12 06:55:23,0:09:07,0,
2017-02-12 07:12:43,Disconnected,2017-02-12 07:09:34,None,0:14:10,
2017-02-12 07:14:37,Reconnected,2017-02-12 07:14:37,0:05:03,0,
2017-02-12 07:18:14,Disconnected,2017-02-12 07:15:06,None,0:00:29,
2017-02-12 07:22:36,Reconnected,2017-02-12 07:22:36,0:07:29,0,
2017-02-12 07:39:18,Disconnected,2017-02-12 07:36:02,None,0:13:25,
2017-02-12 07:46:12,Reconnected,2017-02-12 07:46:12,0:10:10,0,
2017-02-12 07:50:43,Disconnected,2017-02-12 07:47:48,None,0:01:35,
2017-02-12 08:00:30,Reconnected,2017-02-12 08:00:30,0:12:41,0,
2017-02-12 08:16:14,Disconnected,2017-02-12 08:13:11,None,0:12:41,
2017-02-12 08:16:37,Reconnected,2017-02-12 08:16:37,0:03:25,0,
2017-02-12 08:20:06,Disconnected,2017-02-12 08:17:22,None,0:00:44,
2017-02-12 08:22:12,Reconnected,2017-02-12 08:22:12,0:04:50,0,
2017-02-12 08:26:49,Disconnected,2017-02-12 08:23:12,None,0:00:59,
2017-02-12 08:28:05,Reconnected,2017-02-12 08:28:05,0:04:53,0,
2017-02-12 08:32:30,Disconnected,2017-02-12 08:29:21,None,0:01:15,
2017-02-12 08:37:58,Reconnected,2017-02-12 08:37:58,0:08:37,0,
2017-02-12 08:46:43,Disconnected,2017-02-12 08:43:10,None,0:05:11,
2017-02-12 08:51:57,Reconnected,2017-02-12 08:51:57,0:08:47,0,
2017-02-12 09:07:28,Disconnected,2017-02-12 09:04:06,None,0:12:08,
2017-02-12 09:13:18,Reconnected,2017-02-12 09:13:18,0:09:12,0,
2017-02-12 09:18:51,Disconnected,2017-02-12 09:15:31,None,0:02:13,
2017-02-12 09:19:13,Reconnected,2017-02-12 09:19:13,0:03:41,0,
2017-02-12 09:23:04,Disconnected,2017-02-12 09:19:47,None,0:00:33,
2017-02-12 09:32:16,Reconnected,2017-02-12 09:32:16,0:12:29,0,
2017-02-12 09:41:13,Disconnected,2017-02-12 09:37:23,None,0:05:06,
2017-02-12 09:47:04,Reconnected,2017-02-12 09:47:04,0:09:41,0,
2017-02-12 09:55:25,Disconnected,2017-02-12 09:51:50,None,0:04:45,
2017-02-12 09:57:52,Reconnected,2017-02-12 09:57:52,0:06:02,0,
2017-02-12 10:05:39,Disconnected,2017-02-12 10:02:20,None,0:04:27,
2017-02-12 10:12:07,Reconnected,2017-02-12 10:12:07,0:09:46,0,
2017-02-12 10:25:55,Disconnected,2017-02-12 10:22:21,None,0:10:13,
2017-02-12 10:28:12,Reconnected,2017-02-12 10:28:12,0:05:50,0,
2017-02-12 10:32:51,Disconnected,2017-02-12 10:29:21,None,0:01:09,
2017-02-12 10:41:35,Reconnected,2017-02-12 10:41:35,0:12:13,0,
2017-02-12 10:48:55,Disconnected,2017-02-12 10:45:28,None,0:03:52,
2017-02-12 10:53:58,Reconnected,2017-02-12 10:53:58,0:08:29,0,
2017-02-12 13:55:07,Disconnected,2017-02-12 13:51:10,None,2:57:12,
2017-02-12 14:01:52,Reconnected,2017-02-12 14:01:52,0:10:41,0,
2017-02-12 14:09:44,Disconnected,2017-02-12 14:06:05,None,0:04:13,
2017-02-12 14:14:02,Reconnected,2017-02-12 14:14:02,0:07:56,0,
2017-02-12 14:19:18,Disconnected,2017-02-12 14:15:11,None,0:01:08,
2017-02-12 14:40:11,Reconnected,2017-02-12 14:40:11,0:24:59,0,
2017-02-12 14:45:27,Disconnected,2017-02-12 14:41:46,None,0:01:35,
2017-02-12 14:54:53,Reconnected,2017-02-12 14:54:53,0:13:07,0,
2017-02-12 15:03:07,Disconnected,2017-02-12 14:59:40,None,0:04:46,
2017-02-12 15:05:37,Reconnected,2017-02-12 15:05:37,0:05:56,0,
2017-02-12 15:10:24,Disconnected,2017-02-12 15:06:42,None,0:01:05,
2017-02-12 15:20:01,Reconnected,2017-02-12 15:20:01,0:13:19,0,
2017-02-12 15:25:57,Disconnected,2017-02-12 15:21:46,None,0:01:44,
2017-02-12 15:30:16,Reconnected,2017-02-12 15:30:16,0:08:30,0,
2017-02-12 15:36:09,Disconnected,2017-02-12 15:32:25,None,0:02:09,
2017-02-12 15:45:10,Reconnected,2017-02-12 15:45:10,0:12:44,0,
2017-02-12 15:58:44,Disconnected,2017-02-12 15:55:11,None,0:10:01,
2017-02-12 16:09:41,Reconnected,2017-02-12 16:09:41,0:14:30,0,
2017-02-12 18:00:45,Disconnected,2017-02-12 17:56:02,None,1:46:20,
2017-02-12 18:09:39,Reconnected,2017-02-12 18:09:39,0:13:37,0,
2017-02-12 18:13:47,Disconnected,2017-02-12 18:10:39,None,0:00:59,
2017-02-12 18:19:47,Reconnected,2017-02-12 18:19:47,0:09:07,0,
2017-02-12 18:24:43,Disconnected,2017-02-12 18:21:24,None,0:01:37,
2017-02-12 18:46:02,Reconnected,2017-02-12 18:46:02,0:24:37,0,
2017-02-12 18:50:31,Disconnected,2017-02-12 18:47:27,None,0:01:25,
2017-02-12 18:52:54,Reconnected,2017-02-12 18:52:54,0:05:27,0,
2017-02-12 19:12:20,Disconnected,2017-02-12 19:08:09,None,0:15:14,
2017-02-12 19:15:31,Reconnected,2017-02-12 19:15:31,0:07:21,0,
2017-02-12 19:20:38,Disconnected,2017-02-12 19:16:31,None,0:00:59,
2017-02-12 19:25:52,Reconnected,2017-02-12 19:25:52,0:09:21,0,
2017-02-12 19:34:38,Disconnected,2017-02-12 19:31:00,None,0:05:07,
2017-02-12 19:36:22,Reconnected,2017-02-12 19:36:22,0:05:22,0,
2017-02-12 19:50:45,Disconnected,2017-02-12 19:47:04,None,0:10:41,
2017-02-12 19:51:28,Reconnected,2017-02-12 19:51:28,0:04:24,0,
2017-02-12 19:55:25,Disconnected,2017-02-12 19:52:04,None,0:00:36,
2017-02-12 19:56:19,Reconnected,2017-02-12 19:56:19,0:04:14,0,
